"","gene.symbol","cell.type","gene.weight","ensembl.id"
"1","ADAM7","NK",19.0673209173689,"ENSG00000069206"
"2","ADAMTS1","NK",11.0595833650437,"ENSG00000154734"
"3","ADGRG3","NK",7.06875485033999,"ENSG00000182885"
"4","ATP9A","NK",7.78576326745351,"ENSG00000054793"
"5","B3GNT7","NK",7.15848478861286,"ENSG00000156966"
"6","BNC2","NK",24.2542608988844,"ENSG00000173068"
"7","C10orf62","NK",8.91877750674857,"ENSG00000203942"
"8","C1orf21","NK",6.89802773378297,"ENSG00000116667"
"9","C1QTNF3","NK",12.2452404741705,"ENSG00000082196"
"10","CAPN15","NK",10.9552309131445,"ENSG00000103326"
"11","CCL5","NK",7.31354319703036,"ENSG00000271503"
"12","CD160","NK",8.19567643616481,"ENSG00000117281"
"13","CLEC1B","NK",8.04875427502123,"ENSG00000165682"
"14","CORT","NK",7.38484790824039,"ENSG00000241563"
"15","CST11","NK",6.73167610356222,"ENSG00000125831"
"16","CST7","NK",8.6248030869811,"ENSG00000077984"
"17","CYSLTR2","NK",11.9589454494387,"ENSG00000152207"
"18","DGKK","NK",6.10999065998373,"ENSG00000274588"
"19","DLG5","NK",6.93261229880429,"ENSG00000151208"
"20","DPRXP4","NK",9.36633076215356,"ENSG00000264743"
"21","DTHD1","NK",10.1979548289885,"ENSG00000197057"
"22","FAT4","NK",22.4253272125626,"ENSG00000196159"
"23","FBXW4P1","NK",8.48163308218062,"ENSG00000230701"
"24","FGFBP2","NK",7.32124605024406,"ENSG00000137441"
"25","GNLY","NK",7.23568803440018,"ENSG00000115523"
"26","GZMB","NK",17.619181181011,"ENSG00000100453"
"27","GZMH","NK",6.23045438428379,"ENSG00000100450"
"28","H3F3C","NK",6.43400119666351,NA
"29","IL18RAP","NK",8.13402945101994,"ENSG00000115607"
"30","KIR2DS4","NK",13.1058134323443,"ENSG00000221957"
"31","KIR3DX1","NK",11.4434968209808,"ENSG00000290933"
"32","KLRB1","NK",8.11344221969047,"ENSG00000111796"
"33","KLRC1","NK",8.29713593611607,"ENSG00000134545"
"34","KLRD1","NK",10.5367114103905,"ENSG00000134539"
"35","KLRF1","NK",14.145210666403,"ENSG00000150045"
"36","KRT71","NK",7.47259200092459,"ENSG00000139648"
"37","KRT74","NK",7.488899186547,"ENSG00000170484"
"38","KRT77","NK",7.53847273196966,"ENSG00000189182"
"39","KRT79","NK",5.96284229922043,"ENSG00000185640"
"40","KRT81","NK",12.3993028719734,"ENSG00000205426"
"41","KRTAP10-9","NK",6.85156001723066,"ENSG00000221837"
"42","L3MBTL4","NK",7.527012772451,"ENSG00000154655"
"43","LDB2","NK",11.9034441948802,"ENSG00000169744"
"44","LEXM","NK",8.27358048558787,NA
"45","LGALS9B","NK",16.2474258856767,"ENSG00000170298"
"46","LILRP2","NK",8.65343870686536,"ENSG00000170858"
"47","LINC00260","NK",8.28587065573254,NA
"48","LINGO2","NK",8.81465294807086,"ENSG00000174482"
"49","LUC7L","NK",12.0806029897819,"ENSG00000007392"
"50","MIR101-2","NK",8.60811317371151,"ENSG00000199065"
"51","MIR1228","NK",8.63421036004059,"ENSG00000221365"
"52","MIR4772","NK",9.0253171154313,"ENSG00000264764"
"53","NCAM1","NK",12.8491149497226,"ENSG00000149294"
"54","NCR1","NK",28.4850611166743,"ENSG00000189430"
"55","NMUR1","NK",22.6252321350519,"ENSG00000171596"
"56","ORM2","NK",6.03448072398702,"ENSG00000228278"
"57","PAPOLB","NK",8.8068795055745,"ENSG00000218823"
"58","PDGFD","NK",10.0948118098037,"ENSG00000170962"
"59","PKDREJ","NK",6.28992025929181,"ENSG00000130943"
"60","PPP2R2B-IT1","NK",6.2531135743434,"ENSG00000249553"
"61","PRF1","NK",9.45406977987974,"ENSG00000180644"
"62","PRSS23","NK",10.0902994779455,"ENSG00000150687"
"63","PSAPL1","NK",12.4650593642287,"ENSG00000178597"
"64","PTGDR","NK",8.71598375175548,"ENSG00000168229"
"65","PTPRA","NK",14.70553065806,"ENSG00000132670"
"66","S1PR5","NK",11.2643608319961,"ENSG00000180739"
"67","SALL4","NK",9.63011847126923,"ENSG00000101115"
"68","SENP2","NK",6.35764835544695,"ENSG00000163904"
"69","SH2D1B","NK",21.5913237354969,"ENSG00000198574"
"70","SLC4A4","NK",8.10515464399892,"ENSG00000080493"
"71","SLC9A9-AS1","NK",21.6772544314819,"ENSG00000240012"
"72","SPATA22","NK",11.4623838559132,"ENSG00000141255"
"73","SYNE1","NK",6.71495870587903,"ENSG00000131018"
"74","TARP","NK",15.0901630300273,"ENSG00000289746"
"75","TAS1R2","NK",8.95720489300731,"ENSG00000179002"
"76","TNP1","NK",8.12744218719764,"ENSG00000118245"
"77","TXNRD3NB","NK",8.08210378774545,NA
"78","VIPR2","NK",8.55483279017561,"ENSG00000106018"
"79","XCL1","NK",6.03538952222516,"ENSG00000143184"
"80","XCL2","NK",8.20685550543297,"ENSG00000143185"
"81","ZBTB16","NK",6.22880368681346,"ENSG00000109906"
"82","ZMAT4","NK",9.83315862588826,"ENSG00000165061"
"83","ZNF876P","NK",9.82343585000494,"ENSG00000290382"
"84","RORB","NK",6.3809167779385,"ENSG00000198963"
"85","PPP1R9A","NK",6.05825176634332,"ENSG00000158528"
"86","KRT3","NK",6.19299277659949,"ENSG00000186442"
"87","LINC01743","NK",7.11017882705672,"ENSG00000242042"
"88","LINC00838","NK",6.27000115655089,"ENSG00000261683"
"89","FCGR1A","NK",6.34228864687939,"ENSG00000150337"
"90","ANKRD61","NK",7.50465691591914,"ENSG00000157999"
"91","SLC6A3","NK",6.6067296510371,"ENSG00000142319"
"92","RANBP17","NK",7.86843145402472,"ENSG00000204764"
"93","PRSS57","NK",6.61497719870626,"ENSG00000185198"
"94","AGER","NK",6.80285478837691,"ENSG00000204305"
"95","NR2E1","NK",6.62952297078726,"ENSG00000112333"
"96","MIR4326","NK",7.46011489990835,"ENSG00000266104"
"97","KRTCAP3","NK",8.77551427305234,"ENSG00000157992"
"98","PCSK6","NK",11.3770377353924,"ENSG00000140479"
"99","MEDAG","NK",6.80269794012363,"ENSG00000102802"
"100","SHH","NK",19.0535397425875,"ENSG00000164690"
"101","A2M","Mono",25.6042782935713,"ENSG00000175899"
"102","ACPP","Mono",26.6286993293963,NA
"103","ADGRE3","Mono",24.3025127973123,"ENSG00000131355"
"104","ALOX5AP","Mono",35.8933041199112,"ENSG00000132965"
"105","ANKRD22","Mono",23.2038430199913,"ENSG00000152766"
"106","APOA2","Mono",20.851094287804,"ENSG00000158874"
"107","AQP9","Mono",20.4346453260243,"ENSG00000103569"
"108","BPI","Mono",21.4789270372206,"ENSG00000101425"
"109","C10orf95","Mono",21.1319527915497,"ENSG00000120055"
"110","C5AR1","Mono",50.7726146251353,"ENSG00000197405"
"111","C9orf47","Mono",23.838850716761,NA
"112","CD300C","Mono",27.8984994454458,"ENSG00000167850"
"113","CD300E","Mono",21.8111462705623,"ENSG00000186407"
"114","CD300LB","Mono",25.5522264329873,"ENSG00000178789"
"115","CD300LF","Mono",24.8332986166536,"ENSG00000186074"
"116","CD93","Mono",23.9884538384572,"ENSG00000125810"
"117","CLEC5A","Mono",41.7102692266705,"ENSG00000258227"
"118","CLEC7A","Mono",48.3232325533006,"ENSG00000172243"
"119","COL24A1","Mono",21.3985989331631,"ENSG00000171502"
"120","CPNE4","Mono",28.5381990914195,"ENSG00000196353"
"121","CXCL8","Mono",28.4511831471873,"ENSG00000169429"
"122","CYP1B1","Mono",25.0875090332637,"ENSG00000138061"
"123","CYP1B1-AS1","Mono",31.7547716485655,"ENSG00000232973"
"124","DAPK1","Mono",42.1971153825688,"ENSG00000196730"
"125","DLGAP1-AS3","Mono",26.4319754677298,"ENSG00000263724"
"126","DOK3","Mono",21.0047277066863,"ENSG00000146094"
"127","ENC1","Mono",26.8636977349169,"ENSG00000171617"
"128","ETV3L","Mono",31.2588585581764,"ENSG00000253831"
"129","F3","Mono",19.9751114912288,"ENSG00000117525"
"130","FAM198B","Mono",20.071058657424,NA
"131","FAM20A","Mono",36.3022900070726,"ENSG00000108950"
"132","FCAR","Mono",60.9527214103019,"ENSG00000186431"
"133","FCER1G","Mono",32.8998635557847,"ENSG00000158869"
"134","FCGR2A","Mono",26.0588465703006,"ENSG00000143226"
"135","FCN1","Mono",33.330710794425,"ENSG00000085265"
"136","FGD4","Mono",38.1790235045836,"ENSG00000139132"
"137","FPR1","Mono",26.535721604819,"ENSG00000171051"
"138","FPR2","Mono",20.567844207484,"ENSG00000171049"
"139","G0S2","Mono",26.5634651904943,"ENSG00000123689"
"140","HCAR2","Mono",30.746663421761,"ENSG00000182782"
"141","HCAR3","Mono",21.9836691911536,"ENSG00000255398"
"142","HCK","Mono",22.4629871471652,"ENSG00000101336"
"143","HP","Mono",23.1103945405732,"ENSG00000257017"
"144","IGSF6","Mono",22.7718646063519,"ENSG00000140749"
"145","IL1A","Mono",19.9578708890551,"ENSG00000115008"
"146","IL1B","Mono",119.589362896921,"ENSG00000125538"
"147","ITGAX","Mono",40.0886795000751,"ENSG00000140678"
"148","ITLN1","Mono",23.6536858703078,"ENSG00000179914"
"149","KCNE1","Mono",23.585124403603,"ENSG00000180509"
"150","KLF4","Mono",24.2344541433271,"ENSG00000136826"
"151","LGALS12","Mono",26.2020606083977,"ENSG00000133317"
"152","LILRA2","Mono",34.036107712777,"ENSG00000239998"
"153","LILRB3","Mono",20.9512963289029,"ENSG00000204577"
"154","LILRB4","Mono",27.2293782979067,"ENSG00000186818"
"155","LINC01354","Mono",20.4857336999574,"ENSG00000231768"
"156","LINC02139","Mono",26.0769035700965,"ENSG00000278214"
"157","LPAR1","Mono",28.1025568439766,"ENSG00000198121"
"158","LPCAT2","Mono",20.4395692644929,"ENSG00000087253"
"159","LYZ","Mono",20.0560164375923,"ENSG00000090382"
"160","MAFB","Mono",43.0324315650466,"ENSG00000204103"
"161","MARC1","Mono",21.0500638172302,NA
"162","MCEMP1","Mono",23.043883546739,"ENSG00000183019"
"163","MEFV","Mono",31.926718444048,"ENSG00000103313"
"164","MFAP4","Mono",27.4370285032506,"ENSG00000166482"
"165","MIR3936","Mono",20.6959743210854,"ENSG00000263597"
"166","MITF","Mono",20.408797906289,"ENSG00000187098"
"167","MPO","Mono",26.0991835616447,"ENSG00000005381"
"168","NFAM1","Mono",25.9696474770479,"ENSG00000235568"
"169","ODF3B","Mono",29.6253955970831,NA
"170","OLIG1","Mono",23.0780966156599,"ENSG00000184221"
"171","PDE4B","Mono",38.7369127985442,"ENSG00000184588"
"172","PFKFB4","Mono",21.0306467374484,"ENSG00000114268"
"173","PLA2G7","Mono",36.2872199342178,"ENSG00000146070"
"174","PLIN5","Mono",22.7174345677058,"ENSG00000214456"
"175","PMFBP1","Mono",31.908846008771,"ENSG00000118557"
"176","PRAM1","Mono",26.3974020412449,"ENSG00000133246"
"177","PTGS2","Mono",21.5254689016107,"ENSG00000073756"
"178","RAB32","Mono",36.3009808211702,"ENSG00000118508"
"179","S100A8","Mono",19.9878436712508,"ENSG00000143546"
"180","S100A9","Mono",26.5804498959784,"ENSG00000163220"
"181","SGMS2","Mono",33.8650194635046,"ENSG00000164023"
"182","SIGLEC12","Mono",30.4180583572285,"ENSG00000254521"
"183","SIRPB2","Mono",47.3945526356164,"ENSG00000196209"
"184","SLC11A1","Mono",32.5870695360727,"ENSG00000018280"
"185","SLC6A12","Mono",26.4213916964448,"ENSG00000111181"
"186","SLITRK4","Mono",74.1033005911149,"ENSG00000179542"
"187","SNORA14A","Mono",20.4952114367805,"ENSG00000201643"
"188","SPATC1","Mono",24.4946697114104,"ENSG00000186583"
"189","ST3GAL6","Mono",24.1746660093156,"ENSG00000064225"
"190","TCN2","Mono",22.0845922731024,"ENSG00000185339"
"191","THBD","Mono",34.3429265951051,"ENSG00000178726"
"192","TMEM144","Mono",19.9124211097326,"ENSG00000164124"
"193","TNFAIP2","Mono",22.8460062379178,"ENSG00000185215"
"194","TPRG1","Mono",27.3515443766425,"ENSG00000188001"
"195","TREM1","Mono",59.173077891233,"ENSG00000124731"
"196","VCAN","Mono",21.8490359002258,"ENSG00000038427"
"197","WDFY3","Mono",25.0121947289654,"ENSG00000163625"
"198","ZNF697","Mono",22.1908929927378,"ENSG00000143067"
"199","ZNF804A","Mono",22.7637264795812,"ENSG00000170396"
"200","ADGRL3","Mono",22.0876842200637,"ENSG00000150471"
"201","ANAPC1P1","8T",10.5446493787088,NA
"202","BRDT","8T",2.82083685596636,"ENSG00000137948"
"203","CD8A","8T",11.6347390417888,"ENSG00000153563"
"204","CRTAM","8T",6.60327295245498,"ENSG00000109943"
"205","EOMES","8T",2.52894288982958,"ENSG00000163508"
"206","GATA6-AS1","8T",3.20232639328701,"ENSG00000266010"
"207","IL7R","8T",2.35331415513719,"ENSG00000168685"
"208","KLRA1P","8T",3.41815531364226,NA
"209","KLRC4","8T",5.35388103298556,"ENSG00000183542"
"210","KLRK1","8T",3.62017706933954,"ENSG00000213809"
"211","KRTAP12-3","8T",2.68433690877217,"ENSG00000205439"
"212","KRTAP12-4","8T",3.3968481867882,"ENSG00000212933"
"213","NSG1","8T",3.59508824523279,"ENSG00000168824"
"214","PTCH1","8T",2.3800864972009,"ENSG00000185920"
"215","RTP5","8T",3.48197909309871,"ENSG00000188011"
"216","STYK1","8T",3.83258081407336,"ENSG00000060140"
"217","THEMIS","8T",2.33769350018953,"ENSG00000172673"
"218","TMIE","8T",2.30306505737929,"ENSG00000181585"
"219","CD96","8T",2.36337121021143,"ENSG00000153283"
"220","ITPK1-AS1","8T",3.34345866177381,"ENSG00000258730"
"221","IFNG","8T",3.3608919128039,"ENSG00000111537"
"222","JAKMIP1","8T",3.47144693498627,"ENSG00000152969"
"223","CD3D","8T",2.45545915906721,"ENSG00000167286"
"224","PRDM5","8T",3.68909683092252,"ENSG00000138738"
"225","FBXO32","8T",2.40940523188664,"ENSG00000156804"
"226","TNIP3","8T",2.63551952327865,"ENSG00000050730"
"227","GZMK","8T",2.74600593691279,"ENSG00000113088"
"228","NPBWR1","8T",2.76907030051282,"ENSG00000288611"
"229","H3F3C","8T",2.32801968474519,NA
"230","SHISA2","8T",2.44633445180389,"ENSG00000180730"
"231","PTPRK","8T",2.72479428173425,"ENSG00000152894"
"232","C14orf177","8T",3.18086292434939,NA
"233","CCL5","8T",2.54202040748322,"ENSG00000271503"
"234","NPAS2","8T",2.90878392306171,"ENSG00000170485"
"235","SYNE1","8T",2.42658641971969,"ENSG00000131018"
"236","CADM1","8T",4.48518060529404,"ENSG00000182985"
"237","NRCAM","8T",2.6357951376792,"ENSG00000091129"
"238","LINC00944","8T",2.69394606400657,NA
"239","GALNT11","8T",2.86528857659371,"ENSG00000178234"
"240","ABCD2","8T",2.55316245005983,"ENSG00000173208"
"241","LRRN3","8T",2.39888635295179,"ENSG00000173114"
"242","SH2D1A","8T",2.34149486226744,"ENSG00000183918"
"243","SNTG2","8T",2.77821170969747,"ENSG00000172554"
"244","MRGPRX2","8T",2.73022858449706,"ENSG00000183695"
"245","PRR4","8T",2.62857786546924,"ENSG00000111215"
"246","RRP7A","8T",2.78677986135524,"ENSG00000189306"
"247","CD248","8T",2.63158184471455,"ENSG00000174807"
"248","LINC01848","8T",2.45663205329969,NA
"249","GPX5","8T",2.43589805042959,"ENSG00000224586"
"250","IGFBP3","8T",3.24816959548563,"ENSG00000146674"
"251","NPR3","8T",2.64242369098838,"ENSG00000113389"
"252","RBMS1","8T",2.37812448829139,"ENSG00000153250"
"253","SFRP5","8T",4.62472882203454,"ENSG00000120057"
"254","LAG3","8T",2.45354484781522,"ENSG00000089692"
"255","SRM","8T",2.31110729796799,"ENSG00000116649"
"256","CA6","8T",2.67971883652135,"ENSG00000131686"
"257","DSC1","8T",3.36923710562685,"ENSG00000134765"
"258","MIR4474","8T",2.45510604807378,"ENSG00000264941"
"259","SLC35G3","8T",2.41576195403281,"ENSG00000164729"
"260","LOC643542","8T",2.42034876850446,NA
"261","AGAP1","8T",2.44524839155885,"ENSG00000157985"
"262","GAS2","8T",2.67056611553973,"ENSG00000148935"
"263","MCOLN2","8T",2.64930171899917,"ENSG00000153898"
"264","MIR4471","8T",2.44277226332224,"ENSG00000265599"
"265","RET","8T",2.72602478790458,"ENSG00000165731"
"266","SNORD1C","8T",2.45170980674388,"ENSG00000274091"
"267","PLPP6","8T",2.43226638185795,"ENSG00000205808"
"268","PPFIA2","8T",3.25782856574426,"ENSG00000139220"
"269","USP44","8T",3.59235412591069,"ENSG00000136014"
"270","LRRC9","8T",2.39502197989695,"ENSG00000131951"
"271","COL5A2","8T",2.50845423747285,"ENSG00000204262"
"272","PRODH","8T",6.80419814039569,"ENSG00000100033"
"273","MIR3618","8T",2.43104684932505,"ENSG00000284140"
"274","KCNQ3","8T",2.43339038387313,"ENSG00000184156"
"275","DPY19L2","8T",2.45345445440195,"ENSG00000177990"
"276","SIRPG","8T",2.34074039808648,"ENSG00000089012"
"277","MAGI2-AS3","8T",2.38006048521835,"ENSG00000234456"
"278","SSTR1","8T",2.56954488431973,"ENSG00000139874"
"279","PIEZO2","8T",10.5370593849109,"ENSG00000154864"
"280","SLED1","8T",3.24050300334186,"ENSG00000249138"
"281","GUSBP1","8T",2.34403536522249,"ENSG00000291102"
"282","FGF3","8T",6.45414878472758,"ENSG00000186895"
"283","NACC2","8T",3.30759506740521,"ENSG00000148411"
"284","GATA1","8T",2.66228497557303,"ENSG00000102145"
"285","SCART1","8T",2.30332317771883,"ENSG00000214279"
"286","TAGLN","8T",3.12170083424415,"ENSG00000149591"
"287","SLC25A47","8T",2.45824075437243,"ENSG00000140107"
"288","TAS1R3","8T",2.30977493121606,"ENSG00000169962"
"289","LSMEM1","8T",3.50963973433099,"ENSG00000181016"
"290","ASTN2","8T",2.33224748595328,"ENSG00000148219"
"291","EPGN","8T",2.43271627371995,"ENSG00000182585"
"292","PRX","8T",2.31892162859868,"ENSG00000105227"
"293","LARS2-AS1","8T",5.39679497733185,NA
"294","CYCSP52","8T",3.17162906456416,"ENSG00000235700"
"295","APOC3","8T",2.83484849550734,"ENSG00000110245"
"296","COL20A1","8T",2.46878832049366,"ENSG00000101203"
"297","SNORD15B","8T",3.81426038198326,"ENSG00000207445"
"298","SOX14","8T",5.36105106527461,"ENSG00000168875"
"299","C1QTNF8","8T",3.91747435793963,"ENSG00000184471"
"300","IGFALS","8T",4.61048086726049,"ENSG00000099769"
"301","ADAMTSL2","4T",2.47806537289235,"ENSG00000197859"
"302","ANKRD12","4T",2.86342222379154,"ENSG00000101745"
"303","AQP7","4T",2.62278668022192,"ENSG00000165269"
"304","ARID4B","4T",2.51678097499363,"ENSG00000054267"
"305","C15orf53","4T",5.37591760348341,NA
"306","CCR4","4T",5.31756230863764,"ENSG00000183813"
"307","CCR8","4T",5.1119153179077,"ENSG00000179934"
"308","CD2","4T",3.09783310269399,"ENSG00000116824"
"309","CD28","4T",3.16367098491291,"ENSG00000178562"
"310","CD4","4T",4.07349206400403,"ENSG00000010610"
"311","CD40LG","4T",5.67561118665227,"ENSG00000102245"
"312","CD5","4T",2.80340975367351,"ENSG00000110448"
"313","CD6","4T",3.10303057208311,"ENSG00000013725"
"314","CTLA4","4T",4.33884956660346,"ENSG00000163599"
"315","DBH-AS1","4T",5.39606894846506,"ENSG00000225756"
"316","DLGAP2","4T",2.8469167875687,"ENSG00000198010"
"317","DPM2","4T",2.66278962293498,"ENSG00000136908"
"318","DUSP4","4T",3.1468372582401,"ENSG00000120875"
"319","EDAR","4T",2.86399150052862,"ENSG00000135960"
"320","ESYT2","4T",2.78128284010401,"ENSG00000117868"
"321","FAAH2","4T",3.67425738822742,"ENSG00000165591"
"322","FAM172BP","4T",3.37408222711464,NA
"323","FAM71B","4T",3.80009535873811,NA
"324","FOXP3","4T",4.33886244768787,"ENSG00000049768"
"325","GAL3ST4","4T",2.58341608905185,"ENSG00000197093"
"326","GLG1","4T",2.71250826462457,"ENSG00000090863"
"327","GTF2IRD1","4T",3.6898865206938,"ENSG00000006704"
"328","GTSF1L","4T",2.85380737608025,"ENSG00000124196"
"329","HAPLN3","4T",2.87065297617353,"ENSG00000140511"
"330","HLF","4T",2.78348949096013,"ENSG00000108924"
"331","HPCAL4","4T",2.57903122704452,"ENSG00000116983"
"332","ICOS","4T",4.20343377000567,"ENSG00000163600"
"333","IGSF9B","4T",2.53617671057856,"ENSG00000080854"
"334","IL2RA","4T",2.52073192633755,"ENSG00000134460"
"335","ISM1","4T",3.05120850580982,"ENSG00000101230"
"336","ITK","4T",2.53747054683395,"ENSG00000113263"
"337","LEF1-AS1","4T",2.6759467709058,"ENSG00000232021"
"338","LINC00544","4T",2.46468987376955,NA
"339","LINC00673","4T",3.8842659062606,"ENSG00000227036"
"340","LINC00892","4T",2.97493148790815,"ENSG00000233093"
"341","LINC01281","4T",3.30120371311014,"ENSG00000235304"
"342","LINC01550","4T",2.97770350815759,"ENSG00000246223"
"343","LMF1","4T",2.75693032328707,"ENSG00000103227"
"344","LMTK3","4T",2.59813514269497,"ENSG00000142235"
"345","MAL","4T",3.76232775072279,"ENSG00000172005"
"346","MIR4265","4T",2.65341325483108,"ENSG00000264934"
"347","MIR663A","4T",4.52309943403933,"ENSG00000284419"
"348","PBXIP1","4T",2.45257541229049,"ENSG00000163346"
"349","PHF19","4T",2.55113869230751,"ENSG00000119403"
"350","RASGRF2","4T",2.52998760442373,"ENSG00000113319"
"351","RCAN3","4T",2.57706154788845,"ENSG00000117602"
"352","RGCC","4T",2.53317208096552,"ENSG00000102760"
"353","RHOH","4T",3.07607256855722,"ENSG00000168421"
"354","RORC","4T",3.01093628401246,"ENSG00000143365"
"355","RRM1","4T",2.61031927354346,"ENSG00000167325"
"356","SH3PXD2A-AS1","4T",3.26548468032045,"ENSG00000280693"
"357","SLAMF1","4T",2.60833085710318,"ENSG00000117090"
"358","SLC22A23","4T",2.84862262394563,"ENSG00000137266"
"359","SLC25A25","4T",2.45915919183165,"ENSG00000148339"
"360","ST6GALNAC1","4T",2.66277481781945,"ENSG00000070526"
"361","TCEA3","4T",2.8899636893205,"ENSG00000204219"
"362","TMEM245","4T",2.79040335966418,"ENSG00000106771"
"363","TMEM45B","4T",2.76589367234035,"ENSG00000151715"
"364","TMIGD1","4T",2.45329792566328,"ENSG00000182271"
"365","TNFRSF18","4T",2.54235416202117,"ENSG00000186891"
"366","TNFRSF25","4T",4.12750971989666,"ENSG00000215788"
"367","TNFRSF4","4T",2.94086070067279,"ENSG00000186827"
"368","TOP1MT","4T",2.51218695408063,"ENSG00000184428"
"369","TPPP","4T",2.46716193552005,"ENSG00000171368"
"370","TSHZ2","4T",5.45732834070634,"ENSG00000182463"
"371","TSPAN15","4T",2.63642681649766,"ENSG00000099282"
"372","TTC39C","4T",2.65974130857246,"ENSG00000168234"
"373","WNT7A","4T",3.05078778774414,"ENSG00000154764"
"374","ZNF815P","4T",2.48563757285311,NA
"375","ST8SIA1","4T",2.60886997466145,"ENSG00000111728"
"376","LMO7DN","4T",2.45545412425037,"ENSG00000178734"
"377","BCL2L14","4T",2.91099021085927,"ENSG00000121380"
"378","MIR3609","4T",3.37989027393085,"ENSG00000266019"
"379","FAM153B","4T",2.49325919654969,NA
"380","RHOG","4T",2.47726138402677,"ENSG00000177105"
"381","GCSAM","4T",3.32397969069377,"ENSG00000174500"
"382","LOC389705","4T",2.67603123236027,NA
"383","MIR4277","4T",2.58905680658054,"ENSG00000263746"
"384","GPRC5B","4T",2.97447282681471,"ENSG00000167191"
"385","BRE-AS1","4T",2.54656735862263,NA
"386","C2CD4B","4T",2.98470831005928,"ENSG00000205502"
"387","SPAAR","4T",2.51376632991372,"ENSG00000235387"
"388","NINJ2","4T",2.50980529517623,"ENSG00000171840"
"389","RHNO1","4T",3.3592270930603,"ENSG00000171792"
"390","SEMA5A","4T",2.59174899141026,"ENSG00000112902"
"391","MIR301A","4T",2.78425442650231,"ENSG00000207996"
"392","CCL20","4T",3.09204180006732,"ENSG00000115009"
"393","UCP3","4T",3.90556904120391,"ENSG00000175564"
"394","CTAGE7P","4T",2.55405515252408,"ENSG00000233122"
"395","LGALS17A","4T",2.53315152550857,"ENSG00000291086"
"396","MIR4278","4T",2.48503841127782,"ENSG00000283420"
"397","PCDH18","4T",2.53287650606583,"ENSG00000189184"
"398","CACNB2","4T",2.63771173502254,"ENSG00000165995"
"399","TUBA8","4T",2.52356065349738,"ENSG00000183785"
"400","TBX5-AS1","4T",4.4073455428534,"ENSG00000255399"
"401","ABCB4","B",19.0505036072358,"ENSG00000005471"
"402","ADARB2","B",13.3836190673244,"ENSG00000185736"
"403","AFF3","B",9.25415589167749,"ENSG00000144218"
"404","AGR3","B",8.69151963707737,"ENSG00000173467"
"405","ANGPT2","B",8.9781326066978,"ENSG00000091879"
"406","ARHGAP42","B",9.6944337891886,"ENSG00000165895"
"407","BCL7A","B",17.7130669577731,"ENSG00000110987"
"408","BEND4","B",10.598889497093,"ENSG00000188848"
"409","BHLHE41","B",8.74123756550298,"ENSG00000123095"
"410","BLK","B",22.9537067464901,"ENSG00000136573"
"411","BLNK","B",22.9560604633126,"ENSG00000095585"
"412","C12orf74","B",12.6115898211469,NA
"413","C12orf77","B",20.9774551899526,NA
"414","CCSER1","B",13.8401382819217,"ENSG00000184305"
"415","CD19","B",10.7207835722947,"ENSG00000177455"
"416","CD22","B",15.5560069362291,"ENSG00000012124"
"417","CDCA7L","B",10.5420664653292,"ENSG00000164649"
"418","CDH12","B",12.785626953043,"ENSG00000154162"
"419","CHL1","B",22.401239767819,"ENSG00000134121"
"420","CNR1","B",19.9084440844217,"ENSG00000118432"
"421","CNR2","B",26.9237874172652,"ENSG00000188822"
"422","COBLL1","B",11.645934506428,"ENSG00000082438"
"423","COL19A1","B",9.58031052037568,"ENSG00000082293"
"424","COL4A4","B",13.8068734054432,"ENSG00000081052"
"425","CTGF","B",9.50647257205785,NA
"426","CXCR5","B",13.6810598972311,"ENSG00000160683"
"427","FAM177B","B",11.4591515634244,"ENSG00000197520"
"428","FCRL1","B",10.9180786502844,"ENSG00000163534"
"429","FCRL5","B",16.395166950776,"ENSG00000143297"
"430","HES1","B",10.2678383098121,"ENSG00000114315"
"431","HLA-DOB","B",11.2992741476826,"ENSG00000241106"
"432","HLA-DQA1","B",10.4673847310724,"ENSG00000196735"
"433","HS3ST1","B",10.7036875932554,"ENSG00000002587"
"434","HTR3A","B",21.6495170366292,"ENSG00000166736"
"435","ICOSLG","B",10.9945745295511,"ENSG00000160223"
"436","IGLL5","B",11.2734365527115,"ENSG00000254709"
"437","IL22RA2","B",16.2785914744496,"ENSG00000164485"
"438","IL6","B",9.28590678838667,"ENSG00000136244"
"439","IL7","B",14.8675392580269,"ENSG00000104432"
"440","KHDRBS2","B",11.1470430841356,"ENSG00000112232"
"441","KLHL14","B",29.5802960352536,"ENSG00000197705"
"442","KLKP1","B",14.8059774580399,"ENSG00000290915"
"443","LAMC1","B",9.28229780397441,"ENSG00000135862"
"444","LARGE-AS1","B",14.4140220016461,"ENSG00000224973"
"445","LILRB1","B",8.58112588663191,"ENSG00000104972"
"446","LINC00336","B",8.7268703544167,"ENSG00000197251"
"447","LINC00494","B",20.6579823230061,"ENSG00000235621"
"448","LINC00634","B",11.2905190021334,NA
"449","LINC00643","B",9.80870017681253,NA
"450","LINC00926","B",40.927594892974,"ENSG00000247982"
"451","LINC01013","B",12.6019132370629,"ENSG00000228495"
"452","LOC100132078","B",19.7311340932796,"ENSG00000255428"
"453","LYVE1","B",9.34661322541715,"ENSG00000133800"
"454","MAP2","B",8.76999059531595,"ENSG00000078018"
"455","MARCKS","B",9.82871930216028,"ENSG00000277443"
"456","MGAT5","B",16.4359735646999,"ENSG00000152127"
"457","MIR339","B",14.5199372564378,"ENSG00000199023"
"458","MIR4464","B",15.2070011071387,"ENSG00000266760"
"459","MKLN1","B",17.7016032653993,"ENSG00000128585"
"460","MOXD1","B",10.4829261045894,"ENSG00000079931"
"461","MS4A1","B",38.0604351621138,"ENSG00000156738"
"462","MYO3A","B",9.06475237276181,"ENSG00000095777"
"463","NETO1","B",56.2792267438776,"ENSG00000166342"
"464","NIPA2","B",10.5396213585414,"ENSG00000140157"
"465","NIPAL4","B",14.6837112288135,"ENSG00000172548"
"466","NIPSNAP3B","B",9.99936337069935,"ENSG00000165028"
"467","OR6V1","B",16.20825010183,"ENSG00000225781"
"468","P2RY14","B",9.98279787288433,"ENSG00000174944"
"469","PARM1","B",10.5338326303993,"ENSG00000169116"
"470","PAX5","B",15.612728381109,"ENSG00000196092"
"471","PDLIM1","B",9.99727346453601,"ENSG00000107438"
"472","PLEKHG1","B",9.71515557553359,"ENSG00000120278"
"473","PRCD","B",12.602906151005,"ENSG00000214140"
"474","RGS7","B",11.6678721284384,"ENSG00000182901"
"475","SEMA3D","B",10.4095702648225,"ENSG00000153993"
"476","SHISA8","B",10.4102160265392,"ENSG00000234965"
"477","SLC26A4","B",8.84733311574191,"ENSG00000091137"
"478","SLC2A6","B",9.47637006731449,"ENSG00000160326"
"479","SLC38A11","B",10.5281005462867,"ENSG00000169507"
"480","SLC6A16","B",20.2973066150386,"ENSG00000063127"
"481","SLCO5A1","B",15.1122920087837,"ENSG00000137571"
"482","SNX22","B",11.4548613311153,"ENSG00000157734"
"483","SOX5","B",11.2839638320709,"ENSG00000134532"
"484","SPIB","B",13.4574069204653,"ENSG00000269404"
"485","ST18","B",18.548530077688,"ENSG00000147488"
"486","SYN3","B",15.7568230711629,"ENSG00000185666"
"487","SYT1","B",43.3658321177646,"ENSG00000067715"
"488","TAL2","B",14.7232344003724,"ENSG00000186051"
"489","TAS2R39","B",16.4570166129674,"ENSG00000236398"
"490","TCL1A","B",10.0923119295923,"ENSG00000100721"
"491","TCL1B","B",17.7748120212835,"ENSG00000213231"
"492","TCL6","B",11.5630403800518,NA
"493","TEAD2","B",10.431203821216,"ENSG00000074219"
"494","TNFRSF13B","B",9.11688374600134,"ENSG00000240505"
"495","TNFRSF13C","B",20.224804145532,"ENSG00000159958"
"496","TPO","B",11.59955515404,"ENSG00000115705"
"497","UGT8","B",55.3311959896972,"ENSG00000174607"
"498","WDFY4","B",16.8594796726128,"ENSG00000128815"
"499","ZNF608","B",22.6781270896159,"ENSG00000168916"
"500","ZNF70","B",15.6907225585977,"ENSG00000187792"
